{"cameraMode":{"drawMode":0,"name":"Shaded","section":"Shading Mode"},"sceneLighting":true,"audioPlay":false,"sceneViewState":{"showFog":true,"showMaterialUpdate":false,"showSkybox":true,"showFlares":true,"showImageEffects":true,"showParticleSystems":true},"in2DMode":false,"pivot":{"x":-1.1361631155014039,"y":-1.0200378894805909,"z":11.331565856933594},"rotation":{"x":-0.15411333739757539,"y":0.03170686960220337,"z":-0.004948718938976526,"w":-0.9875331521034241},"size":10.0,"orthographic":false}