{"cameraMode":{"drawMode":0,"name":"Shaded","section":"Shading Mode"},"sceneLighting":false,"audioPlay":false,"sceneViewState":{"showFog":true,"showMaterialUpdate":false,"showSkybox":true,"showFlares":true,"showImageEffects":true,"showParticleSystems":true},"in2DMode":false,"pivot":{"x":9.641767501831055,"y":10.027168273925782,"z":-25.62306022644043},"rotation":{"x":0.24913430213928224,"y":-0.12165884673595429,"z":0.03148537501692772,"w":0.9603820443153381},"size":0.25980743765830996,"orthographic":false}