{"cameraMode":{"drawMode":0,"name":"Shaded","section":"Shading Mode"},"sceneLighting":false,"audioPlay":false,"sceneViewState":{"showFog":true,"showMaterialUpdate":false,"showSkybox":true,"showFlares":true,"showImageEffects":true,"showParticleSystems":true},"in2DMode":false,"pivot":{"x":-0.3529440760612488,"y":-3.0142667293548586,"z":-30.945829391479493},"rotation":{"x":-0.0027079435531049968,"y":0.9917164444923401,"z":-0.1274435818195343,"w":-0.020518982782959939},"size":10.920249938964844,"orthographic":false}