{"cameraMode":{"drawMode":0,"name":"Shaded","section":"Shading Mode"},"sceneLighting":false,"audioPlay":false,"sceneViewState":{"showFog":true,"showMaterialUpdate":false,"showSkybox":true,"showFlares":true,"showImageEffects":true,"showParticleSystems":true},"in2DMode":false,"pivot":{"x":13.790410995483399,"y":-4.7345075607299809,"z":5.933799743652344},"rotation":{"x":0.1713370978832245,"y":0.48375606536865237,"z":-0.09728275239467621,"w":0.8528379797935486},"size":11.876936912536621,"orthographic":false}