{"cameraMode":{"drawMode":0,"name":"Shaded","section":"Shading Mode"},"sceneLighting":false,"audioPlay":false,"sceneViewState":{"showFog":true,"showMaterialUpdate":false,"showSkybox":true,"showFlares":true,"showImageEffects":true,"showParticleSystems":true},"in2DMode":false,"pivot":{"x":-0.2884448170661926,"y":1.7803999185562134,"z":-1.7051180601119996},"rotation":{"x":0.04979122802615166,"y":0.004503282252699137,"z":-0.00030709413113072515,"w":0.9988490343093872},"size":0.25980743765830996,"orthographic":false}