{"cameraMode":{"drawMode":0,"name":"Shaded","section":"Shading Mode"},"sceneLighting":false,"audioPlay":false,"sceneViewState":{"showFog":true,"showMaterialUpdate":false,"showSkybox":true,"showFlares":true,"showImageEffects":true,"showParticleSystems":true},"in2DMode":false,"pivot":{"x":4.873856067657471,"y":2.9368865489959719,"z":17.68893051147461},"rotation":{"x":-0.09764854609966278,"y":-0.015522073954343796,"z":0.001635591615922749,"w":-0.9952074289321899},"size":0.25980743765830996,"orthographic":false}